year,status,orig_rows,orig_unique_loans,perf_rows,perf_unique_loans,perf_missing_in_orig,orig_missing_in_perf,missing_before_cutoff,missing_at_after_cutoff,first_period,last_period,min_loan_age,max_loan_age,RA_rows,XX_rows,orig_size_mb,perf_size_mb
2016,PASS,50000,50000,3379650,50000,0,0,0,0,201601,202603,0,122,216,0,0.53,32.03
2017,PASS,50000,50000,2800219,50000,0,0,0,0,201701,202603,0,110,352,0,0.52,26.22
2018,PASS,50000,50000,2059564,50000,0,0,0,0,201801,202603,0,98,206,0,0.53,20.78
2019,PASS,50000,50000,1934614,50000,0,0,0,0,201901,202603,0,86,137,0,0.53,19.78
2020,PASS,50000,50000,2517857,50000,0,0,0,0,202001,202603,0,74,224,0,0.55,24.03
2021,PASS,50000,50000,2537054,50000,0,0,0,0,202101,202603,0,62,93,0,0.55,24.08
2022,PASS,50000,50000,2034798,50000,0,0,0,0,202201,202603,0,50,296,0,0.55,18.87
2023,PASS,50000,50000,1458169,50000,0,0,0,0,202301,202603,0,38,327,0,0.52,15.63
2024,PASS,50000,50000,952865,50000,0,0,0,0,202401,202603,0,26,51,5,0.53,9.43
2025,PASS_WITH_WARNING,50000,50000,404946,49995,0,5,4,1,202501,202603,0,14,2,13622,0.54,2.76
2026,PASS_WITH_WARNING,12500,12500,17648,12495,0,5,0,5,202601,202603,0,2,0,11461,0.13,0.15
