year,d90_and_ra,d90_and_credit_zb,ra_and_credit_zb,d90_ra_same_month,d90_credit_same_month,ra_credit_same_month,default_and_prepay_both,default_before_prepay,default_and_prepay_same_month,prepay_before_default
2016,29,75,28,0,2,0,1100,1079,21,0
2017,38,76,33,0,0,0,1393,1383,10,0
2018,20,53,17,0,0,0,1330,1327,3,0
2019,16,36,14,0,0,0,1337,1337,0,0
2020,14,20,12,0,0,0,385,385,0,0
2021,9,17,6,0,0,0,151,151,0,0
2022,42,50,20,0,0,0,225,225,0,0
2023,56,47,28,0,0,0,125,125,0,0
2024,12,10,5,0,0,0,49,49,0,0
2025,2,0,0,0,0,0,1,1,0,0
2026,0,0,0,0,0,0,0,0,0,0
