year,loans,excluded_missing_effective_date,default,prepayment,censor,same_month_conflicts,known_event_after_last_observation,status
2016,50000,0,2367,34630,13003,21,24,PASS
2017,50000,0,2916,35910,11174,10,28,PASS
2018,50000,0,2708,38495,8797,3,22,PASS
2019,50000,0,2786,34212,13002,0,35,PASS
2020,50000,0,1128,18985,29887,0,52,PASS
2021,50000,0,1004,9419,39577,0,65,PASS
2022,50000,0,1747,9414,38839,0,92,PASS
2023,50000,0,1214,12824,35962,0,214,PASS
2024,50000,0,615,9084,40301,0,221,PASS
2025,49994,1,71,3660,46263,0,178,PASS
2026,12495,0,0,12,12483,0,0,PASS
