year,loans,negative_duration,zero_duration,duration_one,min_duration,max_duration,median_duration,event_before_first_payment,event_at_first_payment,nonpositive_default,nonpositive_prepay,nonpositive_censor,performance_rows,negative_analysis_age_rows,age_zero_rows,min_analysis_age,max_analysis_age,unmodified_age_mismatch,modified_rows,modified_loans,event_after_last_report
2016,50000,0,18,42,0,122,55.0,18,42,0,18,0,3379650,0,44200,0,122,478,20820,500,24
2017,50000,1,27,70,-1,110,42.0,28,70,0,28,0,2800219,2,45225,-1,110,567,23362,629,28
2018,50000,1,44,80,-1,98,28.0,45,80,0,45,0,2059564,1,44532,-1,98,363,19495,544,22
2019,50000,0,30,81,0,86,22.0,30,81,0,28,2,1934614,0,45767,0,86,484,12962,405,35
2020,50000,0,18,69,0,74,63.0,18,69,0,17,1,2517857,0,48796,0,74,722,4509,179,52
2021,50000,2,20,79,-1,62,54.0,22,79,0,22,0,2537054,2,48323,-1,62,909,4018,249,65
2022,50000,5,53,100,-1,50,42.0,58,100,0,58,0,2034798,5,48149,-1,50,1680,7215,560,92
2023,50000,2,72,153,-1,38,30.0,74,153,0,74,0,1458169,2,47565,-1,38,3988,2207,283,214
2024,50000,3,80,171,-1,26,18.0,83,171,0,82,1,952865,3,48027,-1,26,4548,398,87,221
2025,49994,3,66,226,-1,14,7.0,69,226,0,68,1,404943,3,44793,-1,14,3053,0,0,178
2026,12495,0,6351,6094,0,2,0.0,6351,6094,0,3,6348,17648,0,11461,0,2,10,0,0,0
