year,rows,complete_case,missing_fico,missing_ltv,missing_dti,missing_rate,missing_term,default,prepayment,censor,status
2016,49982,47455,0,0,2527,0,0,2367,34616,12999,PASS
2017,49972,48158,8,0,1806,0,0,2916,35890,11166,PASS
2018,49955,49426,15,1,513,0,0,2708,38455,8792,PASS
2019,49970,49921,18,0,31,0,0,2786,34186,12998,PASS
2020,49982,49975,7,0,0,0,0,1128,18983,29871,PASS
2021,49978,49963,7,0,8,0,0,1004,9410,39564,PASS
2022,49942,49931,8,0,3,0,0,1747,9374,38821,PASS
2023,49926,49906,17,0,3,0,0,1214,12791,35921,PASS
2024,49917,49897,20,0,0,0,0,615,9046,40256,PASS
2025,49926,49907,19,0,0,0,0,71,3632,46223,PASS
2026,6144,6142,2,0,0,0,0,0,10,6134,PASS
