year,loans,eligible,excluded_preentry,eligible_default,eligible_prepayment,eligible_censor,status
2016,50000,49982,18,2367,34616,12999,PASS
2017,50000,49972,28,2916,35890,11166,PASS
2018,50000,49955,45,2708,38455,8792,PASS
2019,50000,49970,30,2786,34186,12998,PASS
2020,50000,49982,18,1128,18983,29871,PASS
2021,50000,49978,22,1004,9410,39564,PASS
2022,50000,49942,58,1747,9374,38821,PASS
2023,50000,49926,74,1214,12791,35921,PASS
2024,50000,49917,83,615,9046,40256,PASS
2025,49995,49926,69,71,3632,46223,PASS
2026,12495,6144,6351,0,10,6134,PASS
