source_year,dataset,file,rows_read,chunks,seconds,max_sampled_rss_mb
2016,origination,sample_orig_2016.txt,50000,1,0.44,102.35
2016,performance,sample_perf_2016.txt,3379650,34,20.6,246.03
2017,origination,sample_orig_2017.txt,50000,1,0.39,237.45
2017,performance,sample_perf_2017.txt,2800219,29,17.23,252.03
2018,origination,sample_orig_2018.txt,50000,1,0.44,190.11
2018,performance,sample_perf_2018.txt,2059564,21,12.92,257.41
2019,origination,sample_orig_2019.txt,50000,1,0.44,182.44
2019,performance,sample_perf_2019.txt,1934614,20,12.19,254.91
2020,origination,sample_orig_2020.txt,50000,1,0.44,230.47
2020,performance,sample_perf_2020.txt,2517857,26,16.45,259.96
2021,origination,sample_orig_2021.txt,50000,1,0.67,197.95
2021,performance,sample_perf_2021.txt,2537054,26,16.59,260.32
2022,origination,sample_orig_2022.txt,50000,1,0.44,208.98
2022,performance,sample_perf_2022.txt,2034798,21,12.51,260.12
2023,origination,sample_orig_2023.txt,50000,1,0.55,206.55
2023,performance,sample_perf_2023.txt,1458169,15,8.78,245.0
2024,origination,sample_orig_2024.txt,50000,1,0.44,231.38
2024,performance,sample_perf_2024.txt,952865,10,5.95,250.7
2025,origination,sample_orig_2025.txt,50000,1,0.44,217.27
2025,performance,sample_perf_2025.txt,404946,5,2.76,250.1
2026,origination,sample_orig_2026.txt,12500,1,0.16,158.33
2026,performance,sample_perf_2026.txt,17648,1,0.12,159.82
