Vintage,Số khoản vay,Default CIF 12M,Default CIF 24M,Default CIF 36M
2016,"47,450","0,0021%","0,0043%","0,0170%"
2017,"48,153","0,0000%","0,0167%","0,0333%"
2018,"49,422","0,0000%","0,0122%","0,0142%"
2019,"49,921","0,0020%","0,0020%","0,0060%"
2020,"49,975","0,0000%","0,0000%","0,0000%"
2021,"49,963","0,0000%","0,0020%","0,0040%"
2022,"49,931","0,0000%","0,0060%","0,0302%"
2023,"49,906","0,0020%","0,0221%","0,1138%"
2024,"49,896","0,0000%","0,0294%",Không đủ follow-up
2025,"49,654","0,0000%",Không đủ follow-up,Không đủ follow-up
2026,"5,122",Không đủ follow-up,Không đủ follow-up,Không đủ follow-up
