Vintage,Số khoản vay,Tỷ trọng (%),Default,Prepayment,Censored
2016,"47,450","9,50%",22,"34,226","13,202"
2017,"48,153","9,64%",34,"36,214","11,905"
2018,"49,422","9,90%",21,"39,487","9,914"
2019,"49,921","10,00%",18,"35,496","14,407"
2020,"49,975","10,01%",12,"19,351","30,612"
2021,"49,963","10,00%",6,"9,547","40,410"
2022,"49,931","10,00%",26,"9,580","40,325"
2023,"49,906","9,99%",37,"12,870","36,999"
2024,"49,896","9,99%",5,"9,047","40,844"
2025,"49,654","9,94%",0,"3,580","46,074"
2026,"5,122","1,03%",0,6,"5,116"
Tổng cộng,"499,393","100,00%",181,"209,404","289,808"
