Vintage,Default CIF 12M,Default CIF 24M,Default CIF 36M
2016,"0,002126%","0,004252%","0,016977%"
2017,"0,000000%","0,016690%","0,033319%"
2018,"0,000000%","0,012151%","0,014176%"
2019,"0,002006%","0,002006%","0,006021%"
2020,"0,000000%","0,000000%","0,000000%"
2021,"0,000000%","0,002005%","0,004011%"
2022,"0,000000%","0,006036%","0,030195%"
2023,"0,002010%","0,022137%",Không đủ follow-up
2024,"0,000000%",Không đủ follow-up,Không đủ follow-up
2025,Không đủ follow-up,Không đủ follow-up,Không đủ follow-up
2026,Không đủ follow-up,Không đủ follow-up,Không đủ follow-up
