loan_id,origination_year,credit_score,ltv,dti,interest_rate,loan_term,current_status,loan_age
LN1000,2024,608,0.74,0.46,0.068,15,DEFAULT,7
LN1001,2022,689,0.56,0.44,0.048,30,VOLUNTARY_PREPAYMENT,7
LN1002,2024,652,0.86,0.26,0.042,15,VOLUNTARY_PREPAYMENT,28
LN1003,2024,729,0.53,0.47,0.037,30,Active,27
LN1004,2022,683,0.94,0.36,0.059,30,DEFAULT,24
LN1005,2022,691,0.85,0.44,0.062,30,Active,30
LN1006,2024,710,0.59,0.47,0.036,30,VOLUNTARY_PREPAYMENT,31
LN1007,2023,787,0.5,0.3,0.055,30,VOLUNTARY_PREPAYMENT,35
LN1008,2024,798,0.87,0.23,0.044,15,Active,34
LN1009,2024,771,0.82,0.27,0.061,15,VOLUNTARY_PREPAYMENT,27
LN1010,2024,607,0.83,0.33,0.042,15,Active,31
LN1011,2024,774,0.85,0.45,0.063,30,DEFAULT,31
LN1012,2022,634,0.53,0.46,0.05,15,Active,27
LN1013,2024,805,0.66,0.2,0.072,30,DEFAULT,22
LN1014,2023,680,0.55,0.35,0.041,30,VOLUNTARY_PREPAYMENT,25
LN1015,2022,763,0.89,0.33,0.049,15,VOLUNTARY_PREPAYMENT,15
LN1016,2023,649,0.78,0.27,0.04,15,Active,11
LN1017,2023,703,0.65,0.24,0.072,30,Active,20
LN1018,2023,731,0.53,0.3,0.07,15,Active,27
LN1019,2023,601,0.64,0.48,0.045,30,Active,16
LN1020,2022,733,0.65,0.3,0.061,30,Active,33
LN1021,2022,653,0.83,0.36,0.068,30,Active,10
LN1022,2023,705,0.79,0.41,0.057,30,Active,6
LN1023,2023,603,0.9,0.31,0.056,30,Active,13
LN1024,2022,653,0.71,0.49,0.045,15,Active,26
LN1025,2022,790,0.55,0.49,0.039,15,Active,33
LN1026,2022,745,0.82,0.28,0.071,30,Active,17
LN1027,2024,817,0.84,0.35,0.071,30,Active,17
LN1028,2024,643,0.75,0.29,0.06,15,Active,10
LN1029,2024,761,0.85,0.29,0.049,15,Active,12
LN1030,2023,801,0.72,0.21,0.049,30,Active,9
LN1031,2024,789,0.74,0.38,0.064,15,Active,11
LN1032,2023,613,0.69,0.35,0.071,30,Active,18
LN1033,2023,694,0.51,0.22,0.07,15,VOLUNTARY_PREPAYMENT,25
LN1034,2024,647,0.55,0.28,0.066,30,Active,35
LN1035,2023,614,0.51,0.47,0.061,15,Active,20
LN1036,2024,799,0.79,0.27,0.038,30,Active,8
LN1037,2024,805,0.64,0.24,0.041,15,Active,28
LN1038,2022,814,0.73,0.35,0.071,15,Active,13
LN1039,2024,789,0.91,0.5,0.059,30,VOLUNTARY_PREPAYMENT,25
LN1040,2022,639,0.61,0.27,0.035,15,DEFAULT,21
LN1041,2024,812,0.68,0.4,0.039,30,Active,18
LN1042,2024,807,0.84,0.43,0.062,15,Active,23
LN1043,2022,681,0.6,0.27,0.035,30,DEFAULT,33
LN1044,2022,710,0.53,0.42,0.041,15,VOLUNTARY_PREPAYMENT,15
LN1045,2024,652,0.63,0.31,0.057,30,DEFAULT,35
LN1046,2023,623,0.57,0.39,0.063,15,Active,24
LN1047,2022,753,0.92,0.39,0.061,30,DEFAULT,22
LN1048,2023,816,0.86,0.36,0.044,15,Active,29
LN1049,2023,787,0.79,0.23,0.063,30,DEFAULT,24
