loan_id,analysis_time_month,event_type
LN1000,0,ACTIVE
LN1000,1,ACTIVE
LN1000,2,ACTIVE
LN1000,3,ACTIVE
LN1000,4,ACTIVE
LN1000,5,ACTIVE
LN1000,6,ACTIVE
LN1000,7,ACTIVE
LN1000,8,ACTIVE
LN1000,9,ACTIVE
LN1000,10,ACTIVE
LN1000,11,ACTIVE
LN1000,12,ACTIVE
LN1000,13,ACTIVE
LN1000,14,ACTIVE
LN1000,15,ACTIVE
LN1000,16,ACTIVE
LN1000,17,ACTIVE
LN1000,18,ACTIVE
LN1000,19,ACTIVE
LN1000,20,ACTIVE
LN1000,21,ACTIVE
LN1000,22,ACTIVE
LN1000,23,ACTIVE
LN1000,24,ACTIVE
LN1000,25,ACTIVE
LN1000,26,ACTIVE
LN1000,27,ACTIVE
LN1000,28,ACTIVE
LN1000,29,ACTIVE
LN1000,30,ACTIVE
LN1000,31,ACTIVE
LN1000,32,ACTIVE
LN1000,33,ACTIVE
LN1000,34,DEFAULT
LN1001,0,ACTIVE
LN1001,1,ACTIVE
LN1001,2,ACTIVE
LN1001,3,ACTIVE
LN1001,4,ACTIVE
LN1001,5,ACTIVE
LN1001,6,ACTIVE
LN1001,7,ACTIVE
LN1001,8,ACTIVE
LN1001,9,ACTIVE
LN1001,10,ACTIVE
LN1001,11,ACTIVE
LN1001,12,ACTIVE
LN1001,13,ACTIVE
LN1001,14,ACTIVE
LN1001,15,ACTIVE
LN1001,16,DEFAULT
LN1002,0,ACTIVE
LN1002,1,ACTIVE
LN1002,2,ACTIVE
LN1002,3,ACTIVE
LN1002,4,ACTIVE
LN1002,5,ACTIVE
LN1002,6,ACTIVE
LN1002,7,ACTIVE
LN1002,8,ACTIVE
LN1002,9,ACTIVE
LN1002,10,ACTIVE
LN1002,11,ACTIVE
LN1002,12,ACTIVE
LN1002,13,ACTIVE
LN1002,14,ACTIVE
LN1002,15,ACTIVE
LN1002,16,ACTIVE
LN1002,17,ACTIVE
LN1002,18,ACTIVE
LN1002,19,ACTIVE
LN1002,20,ACTIVE
LN1002,21,ACTIVE
LN1002,22,ACTIVE
LN1002,23,ACTIVE
LN1002,24,ACTIVE
LN1002,25,ACTIVE
LN1002,26,ACTIVE
LN1002,27,ACTIVE
LN1002,28,ACTIVE
LN1002,29,ACTIVE
LN1002,30,ACTIVE
LN1002,31,ACTIVE
LN1002,32,DEFAULT
LN1003,0,ACTIVE
LN1003,1,ACTIVE
LN1003,2,ACTIVE
LN1003,3,ACTIVE
LN1003,4,ACTIVE
LN1003,5,ACTIVE
LN1003,6,ACTIVE
LN1003,7,ACTIVE
LN1003,8,ACTIVE
LN1003,9,ACTIVE
LN1003,10,ACTIVE
LN1003,11,ACTIVE
LN1003,12,ACTIVE
LN1003,13,ACTIVE
LN1003,14,ACTIVE
LN1003,15,ACTIVE
LN1003,16,ACTIVE
LN1003,17,ACTIVE
LN1003,18,ACTIVE
LN1003,19,ACTIVE
LN1003,20,ACTIVE
LN1003,21,ACTIVE
LN1003,22,ACTIVE
LN1003,23,ACTIVE
LN1003,24,ACTIVE
LN1003,25,ACTIVE
LN1003,26,ACTIVE
LN1003,27,ACTIVE
LN1003,28,ACTIVE
LN1003,29,ACTIVE
LN1003,30,ACTIVE
LN1003,31,ACTIVE
LN1003,32,ACTIVE
LN1003,33,ACTIVE
LN1003,34,VOLUNTARY_PREPAYMENT
LN1004,0,ACTIVE
LN1004,1,ACTIVE
LN1004,2,ACTIVE
LN1004,3,ACTIVE
LN1004,4,ACTIVE
LN1004,5,ACTIVE
LN1004,6,ACTIVE
LN1004,7,ACTIVE
LN1004,8,ACTIVE
LN1004,9,ACTIVE
LN1004,10,ACTIVE
LN1004,11,ACTIVE
LN1004,12,ACTIVE
LN1004,13,ACTIVE
LN1004,14,ACTIVE
LN1004,15,ACTIVE
LN1004,16,ACTIVE
LN1004,17,ACTIVE
LN1004,18,ACTIVE
LN1004,19,ACTIVE
LN1004,20,ACTIVE
LN1005,0,ACTIVE
LN1005,1,ACTIVE
LN1005,2,ACTIVE
LN1005,3,ACTIVE
LN1005,4,ACTIVE
LN1005,5,ACTIVE
LN1005,6,ACTIVE
LN1005,7,ACTIVE
LN1005,8,ACTIVE
LN1005,9,ACTIVE
LN1005,10,ACTIVE
LN1005,11,ACTIVE
LN1005,12,DEFAULT
LN1006,0,ACTIVE
LN1006,1,ACTIVE
LN1006,2,ACTIVE
LN1006,3,ACTIVE
LN1006,4,ACTIVE
LN1006,5,ACTIVE
LN1006,6,ACTIVE
LN1006,7,ACTIVE
LN1006,8,ACTIVE
LN1006,9,ACTIVE
LN1006,10,ACTIVE
LN1006,11,ACTIVE
LN1006,12,VOLUNTARY_PREPAYMENT
LN1007,0,ACTIVE
LN1007,1,ACTIVE
LN1007,2,ACTIVE
LN1007,3,ACTIVE
LN1007,4,ACTIVE
LN1007,5,ACTIVE
LN1007,6,ACTIVE
LN1007,7,ACTIVE
LN1007,8,ACTIVE
LN1007,9,ACTIVE
LN1007,10,ACTIVE
LN1007,11,ACTIVE
LN1007,12,ACTIVE
LN1007,13,DEFAULT
LN1008,0,ACTIVE
LN1008,1,ACTIVE
LN1008,2,ACTIVE
LN1008,3,ACTIVE
LN1008,4,ACTIVE
LN1008,5,ACTIVE
LN1008,6,ACTIVE
LN1008,7,ACTIVE
LN1008,8,ACTIVE
LN1008,9,ACTIVE
LN1008,10,ACTIVE
LN1008,11,ACTIVE
LN1008,12,ACTIVE
LN1008,13,ACTIVE
LN1008,14,ACTIVE
LN1008,15,ACTIVE
LN1008,16,ACTIVE
LN1008,17,ACTIVE
LN1008,18,ACTIVE
LN1008,19,ACTIVE
LN1008,20,ACTIVE
LN1008,21,ACTIVE
LN1008,22,ACTIVE
LN1008,23,ACTIVE
LN1008,24,ACTIVE
LN1008,25,ACTIVE
LN1008,26,ACTIVE
LN1008,27,ACTIVE
LN1008,28,ACTIVE
LN1008,29,ACTIVE
LN1008,30,ACTIVE
LN1008,31,ACTIVE
LN1008,32,ACTIVE
LN1008,33,ACTIVE
LN1009,0,ACTIVE
LN1009,1,ACTIVE
LN1009,2,ACTIVE
LN1009,3,ACTIVE
LN1009,4,ACTIVE
LN1009,5,ACTIVE
LN1009,6,ACTIVE
LN1009,7,ACTIVE
LN1009,8,ACTIVE
LN1009,9,ACTIVE
LN1009,10,ACTIVE
LN1009,11,ACTIVE
LN1009,12,ACTIVE
LN1009,13,ACTIVE
LN1009,14,ACTIVE
LN1009,15,ACTIVE
LN1009,16,ACTIVE
LN1009,17,ACTIVE
LN1009,18,ACTIVE
LN1009,19,ACTIVE
