analysis_time,survival,ci_low,ci_high,group_value
1,0.999000499833375,0.989000499833375,1.009000499833375,FICO >= 700
2,0.9980019986673331,0.9880019986673331,1.008001998667333,FICO >= 700
3,0.997004495503373,0.987004495503373,1.007004495503373,FICO >= 700
4,0.9960079893439915,0.9860079893439915,1.0060079893439915,FICO >= 700
5,0.9950124791926823,0.9850124791926823,1.0050124791926822,FICO >= 700
6,0.9940179640539353,0.9840179640539353,1.0040179640539353,FICO >= 700
7,0.9930244429332351,0.9830244429332351,1.0030244429332351,FICO >= 700
8,0.9920319148370607,0.9820319148370606,1.0020319148370607,FICO >= 700
9,0.9910403787728836,0.9810403787728836,1.0010403787728837,FICO >= 700
10,0.9900498337491681,0.9800498337491681,1.0000498337491681,FICO >= 700
11,0.9890602787753687,0.9790602787753687,0.9990602787753687,FICO >= 700
12,0.9880717128619305,0.9780717128619305,0.9980717128619305,FICO >= 700
13,0.9870841350202876,0.9770841350202876,0.9970841350202876,FICO >= 700
14,0.9860975442628619,0.9760975442628619,0.9960975442628619,FICO >= 700
15,0.9851119396030626,0.9751119396030626,0.9951119396030627,FICO >= 700
16,0.9841273200552851,0.9741273200552851,0.9941273200552851,FICO >= 700
17,0.9831436846349096,0.9731436846349096,0.9931436846349097,FICO >= 700
18,0.9821610323583008,0.9721610323583008,0.9921610323583008,FICO >= 700
19,0.981179362242806,0.971179362242806,0.991179362242806,FICO >= 700
20,0.9801986733067553,0.9701986733067552,0.9901986733067553,FICO >= 700
21,0.9792189645694596,0.9692189645694596,0.9892189645694596,FICO >= 700
22,0.97824023505121,0.96824023505121,0.9882402350512101,FICO >= 700
23,0.9772624837732771,0.9672624837732771,0.9872624837732771,FICO >= 700
24,0.9762857097579093,0.9662857097579093,0.9862857097579093,FICO >= 700
25,0.9753099120283326,0.9653099120283326,0.9853099120283326,FICO >= 700
26,0.9743350896087494,0.9643350896087494,0.9843350896087494,FICO >= 700
27,0.9733612415243368,0.9633612415243368,0.9833612415243368,FICO >= 700
28,0.9723883668012469,0.9623883668012468,0.9823883668012469,FICO >= 700
29,0.9714164644666048,0.9614164644666048,0.9814164644666048,FICO >= 700
30,0.9704455335485082,0.9604455335485081,0.9804455335485082,FICO >= 700
31,0.9694755730760259,0.9594755730760259,0.979475573076026,FICO >= 700
32,0.9685065820791976,0.9585065820791976,0.9785065820791976,FICO >= 700
33,0.967538559589032,0.957538559589032,0.977538559589032,FICO >= 700
34,0.9665715046375066,0.9565715046375066,0.9765715046375066,FICO >= 700
35,0.9656054162575665,0.9556054162575665,0.9756054162575665,FICO >= 700
36,0.9646402934831231,0.9546402934831231,0.9746402934831231,FICO >= 700
37,0.9636761353490535,0.9536761353490535,0.9736761353490535,FICO >= 700
38,0.9627129408911995,0.9527129408911995,0.9727129408911995,FICO >= 700
39,0.9617507091463667,0.9517507091463667,0.9717507091463667,FICO >= 700
40,0.9607894391523232,0.9507894391523232,0.9707894391523232,FICO >= 700
41,0.9598291299477989,0.9498291299477989,0.9698291299477989,FICO >= 700
42,0.9588697805724845,0.9488697805724845,0.9688697805724845,FICO >= 700
43,0.9579113900670306,0.9479113900670306,0.9679113900670306,FICO >= 700
44,0.9569539574730467,0.9469539574730467,0.9669539574730467,FICO >= 700
45,0.9559974818331,0.9459974818331,0.9659974818331,FICO >= 700
46,0.9550419621907147,0.9450419621907147,0.9650419621907147,FICO >= 700
47,0.9540873975903711,0.9440873975903711,0.9640873975903711,FICO >= 700
48,0.9531337870775047,0.9431337870775047,0.9631337870775047,FICO >= 700
49,0.9521811296985049,0.9421811296985049,0.9621811296985049,FICO >= 700
50,0.951229424500714,0.941229424500714,0.961229424500714,FICO >= 700
51,0.950278670532427,0.940278670532427,0.960278670532427,FICO >= 700
52,0.9493288668428895,0.9393288668428895,0.9593288668428895,FICO >= 700
53,0.9483800124822982,0.9383800124822982,0.9583800124822982,FICO >= 700
54,0.9474321065017983,0.9374321065017983,0.9574321065017983,FICO >= 700
55,0.9464851479534838,0.9364851479534838,0.9564851479534838,FICO >= 700
56,0.9455391358903963,0.9355391358903963,0.9555391358903963,FICO >= 700
57,0.9445940693665233,0.9345940693665233,0.9545940693665234,FICO >= 700
58,0.9436499474367985,0.9336499474367985,0.9536499474367985,FICO >= 700
59,0.9427067691570997,0.9327067691570997,0.9527067691570997,FICO >= 700
60,0.9417645335842487,0.9317645335842487,0.9517645335842487,FICO >= 700
1,0.9975031223974601,0.9775031223974601,1.01750312239746,FICO < 700
2,0.9950124791926823,0.9750124791926823,1.0150124791926822,FICO < 700
3,0.9925280548191384,0.9725280548191384,1.0125280548191384,FICO < 700
4,0.9900498337491681,0.9700498337491681,1.0100498337491681,FICO < 700
5,0.9875778004938814,0.9675778004938814,1.0075778004938813,FICO < 700
6,0.9851119396030626,0.9651119396030626,1.0051119396030626,FICO < 700
7,0.9826522356650732,0.9626522356650732,1.002652235665073,FICO < 700
8,0.9801986733067553,0.9601986733067552,1.0001986733067552,FICO < 700
9,0.9777512371933363,0.9577512371933363,0.9977512371933364,FICO < 700
10,0.9753099120283326,0.9553099120283326,0.9953099120283326,FICO < 700
11,0.972874682553454,0.952874682553454,0.992874682553454,FICO < 700
12,0.9704455335485082,0.9504455335485081,0.9904455335485082,FICO < 700
13,0.968022449831306,0.948022449831306,0.988022449831306,FICO < 700
14,0.9656054162575665,0.9456054162575664,0.9856054162575665,FICO < 700
15,0.9631944177208218,0.9431944177208218,0.9831944177208218,FICO < 700
16,0.9607894391523232,0.9407894391523232,0.9807894391523232,FICO < 700
17,0.958390465520947,0.938390465520947,0.978390465520947,FICO < 700
18,0.9559974818331,0.9359974818330999,0.9759974818331,FICO < 700
19,0.9536104731326264,0.9336104731326264,0.9736104731326264,FICO < 700
20,0.951229424500714,0.931229424500714,0.971229424500714,FICO < 700
21,0.9488543210558013,0.9288543210558012,0.9688543210558013,FICO < 700
22,0.9464851479534838,0.9264851479534838,0.9664851479534838,FICO < 700
23,0.9441218903864221,0.9241218903864221,0.9641218903864222,FICO < 700
24,0.9417645335842487,0.9217645335842487,0.9617645335842487,FICO < 700
25,0.9394130628134758,0.9194130628134758,0.9594130628134758,FICO < 700
26,0.9370674633774034,0.9170674633774034,0.9570674633774034,FICO < 700
27,0.9347277206160275,0.9147277206160275,0.9547277206160275,FICO < 700
28,0.9323938199059483,0.9123938199059483,0.9523938199059483,FICO < 700
29,0.9300657466602785,0.9100657466602785,0.9500657466602785,FICO < 700
30,0.9277434863285529,0.9077434863285528,0.9477434863285529,FICO < 700
31,0.9254270243966368,0.9054270243966368,0.9454270243966368,FICO < 700
32,0.9231163463866358,0.9031163463866357,0.9431163463866358,FICO < 700
33,0.9208114378568045,0.9008114378568045,0.9408114378568045,FICO < 700
34,0.9185122844014574,0.8985122844014574,0.9385122844014574,FICO < 700
35,0.9162188716508776,0.8962188716508775,0.9362188716508776,FICO < 700
36,0.9139311852712282,0.8939311852712282,0.9339311852712282,FICO < 700
37,0.9116492109644617,0.8916492109644617,0.9316492109644617,FICO < 700
38,0.9093729344682314,0.8893729344682314,0.9293729344682314,FICO < 700
39,0.9071023415558017,0.8871023415558017,0.9271023415558017,FICO < 700
40,0.9048374180359595,0.8848374180359595,0.9248374180359595,FICO < 700
41,0.9025781497529256,0.8825781497529256,0.9225781497529256,FICO < 700
42,0.9003245225862656,0.8803245225862656,0.9203245225862656,FICO < 700
43,0.8980765224508026,0.8780765224508026,0.9180765224508026,FICO < 700
44,0.8958341352965282,0.8758341352965282,0.9158341352965282,FICO < 700
45,0.8935973471085157,0.8735973471085157,0.9135973471085157,FICO < 700
46,0.8913661439068313,0.8713661439068313,0.9113661439068313,FICO < 700
47,0.889140511746448,0.869140511746448,0.909140511746448,FICO < 700
48,0.8869204367171575,0.8669204367171575,0.9069204367171575,FICO < 700
49,0.8847059049434836,0.8647059049434835,0.9047059049434836,FICO < 700
50,0.8824969025845955,0.8624969025845954,0.9024969025845955,FICO < 700
51,0.8802934158342212,0.8602934158342211,0.9002934158342212,FICO < 700
52,0.8780954309205613,0.8580954309205613,0.8980954309205613,FICO < 700
53,0.8759029341062031,0.8559029341062031,0.8959029341062031,FICO < 700
54,0.8737159116880344,0.8537159116880344,0.8937159116880344,FICO < 700
55,0.8715343499971578,0.8515343499971578,0.8915343499971579,FICO < 700
56,0.8693582353988059,0.8493582353988058,0.8893582353988059,FICO < 700
57,0.8671875542922549,0.8471875542922549,0.8871875542922549,FICO < 700
58,0.8650222931107413,0.8450222931107413,0.8850222931107413,FICO < 700
59,0.8628624383213754,0.8428624383213754,0.8828624383213755,FICO < 700
60,0.8607079764250578,0.8407079764250578,0.8807079764250578,FICO < 700
