origination_vintage,loan_age,cumulative_default_rate
2023-Q1,1,0.0018
2023-Q1,2,0.0036
2023-Q1,3,0.0054
2023-Q1,4,0.0072
2023-Q1,5,0.009
2023-Q1,6,0.0108
2023-Q1,7,0.0126
2023-Q1,8,0.0144
2023-Q1,9,0.0162
2023-Q1,10,0.018
2023-Q1,11,0.0198
2023-Q1,12,0.0216
2023-Q2,1,0.0018
2023-Q2,2,0.0036
2023-Q2,3,0.0054
2023-Q2,4,0.0072
2023-Q2,5,0.009
2023-Q2,6,0.0108
2023-Q2,7,0.0126
2023-Q2,8,0.0144
2023-Q2,9,0.0162
2023-Q2,10,0.018
2023-Q2,11,0.0198
2023-Q2,12,0.0216
2023-Q3,1,0.0018
2023-Q3,2,0.0036
2023-Q3,3,0.0054
2023-Q3,4,0.0072
2023-Q3,5,0.009
2023-Q3,6,0.0108
2023-Q3,7,0.0126
2023-Q3,8,0.0144
2023-Q3,9,0.0162
2023-Q3,10,0.018
2023-Q3,11,0.0198
2023-Q3,12,0.0216
2023-Q4,1,0.0018
2023-Q4,2,0.0036
2023-Q4,3,0.0054
2023-Q4,4,0.0072
2023-Q4,5,0.009
2023-Q4,6,0.0108
2023-Q4,7,0.0126
2023-Q4,8,0.0144
2023-Q4,9,0.0162
2023-Q4,10,0.018
2023-Q4,11,0.0198
2023-Q4,12,0.0216
2024-Q1,1,0.00135
2024-Q1,2,0.0027
2024-Q1,3,0.004050000000000001
2024-Q1,4,0.0054
2024-Q1,5,0.00675
2024-Q1,6,0.008100000000000001
2024-Q1,7,0.00945
2024-Q1,8,0.0108
2024-Q1,9,0.01215
2024-Q1,10,0.0135
2024-Q1,11,0.01485
2024-Q1,12,0.016200000000000003
2024-Q2,1,0.00135
2024-Q2,2,0.0027
2024-Q2,3,0.004050000000000001
2024-Q2,4,0.0054
2024-Q2,5,0.00675
2024-Q2,6,0.008100000000000001
2024-Q2,7,0.00945
2024-Q2,8,0.0108
2024-Q2,9,0.01215
2024-Q2,10,0.0135
2024-Q2,11,0.01485
2024-Q2,12,0.016200000000000003
